iteration,expected_ns,actual_ns,jitter_ns
0,1244928616315634,1244928616327392,11758
1,1244928716315634,1244928716321913,6279
2,1244928816315634,1244928816326781,11147
3,1244928916315634,1244928916326913,11279
4,1244929016315634,1244929016326723,11089
5,1244929116315634,1244929116326909,11275
6,1244929216315634,1244929216325191,9557
7,1244929316315634,1244929316324498,8864
8,1244929416315634,1244929416326707,11073
9,1244929516315634,1244929516326706,11072
10,1244929616315634,1244929616326857,11223
11,1244929716315634,1244929716322342,6708
12,1244929816315634,1244929816326546,10912
13,1244929916315634,1244929916325014,9380
14,1244930016315634,1244930016327007,11373
15,1244930116315634,1244930116326801,11167
16,1244930216315634,1244930216326784,11150
17,1244930316315634,1244930316326790,11156
18,1244930416315634,1244930416326716,11082
19,1244930516315634,1244930516326327,10693
20,1244930616315634,1244930616326470,10836
21,1244930716315634,1244930716326484,10850
22,1244930816315634,1244930816326867,11233
23,1244930916315634,1244930916326601,10967
24,1244931016315634,1244931016326594,10960
25,1244931116315634,1244931116326643,11009
26,1244931216315634,1244931216327006,11372
27,1244931316315634,1244931316326160,10526
28,1244931416315634,1244931416326469,10835
29,1244931516315634,1244931516326239,10605
30,1244931616315634,1244931616325556,9922
31,1244931716315634,1244931716326606,10972
32,1244931816315634,1244931816326483,10849
33,1244931916315634,1244931916326353,10719
34,1244932016315634,1244932016335440,19806
35,1244932116315634,1244932116326408,10774
36,1244932216315634,1244932216326756,11122
37,1244932316315634,1244932316326470,10836
38,1244932416315634,1244932416325892,10258
39,1244932516315634,1244932516326687,11053
40,1244932616315634,1244932616325309,9675
41,1244932716315634,1244932716326672,11038
42,1244932816315634,1244932816326601,10967
43,1244932916315634,1244932916326604,10970
44,1244933016315634,1244933016326573,10939
45,1244933116315634,1244933116326638,11004
46,1244933216315634,1244933216325479,9845
47,1244933316315634,1244933316326673,11039
48,1244933416315634,1244933416326800,11166
49,1244933516315634,1244933516326563,10929
50,1244933616315634,1244933616325264,9630
51,1244933716315634,1244933716326472,10838
52,1244933816315634,1244933816326669,11035
53,1244933916315634,1244933916326453,10819
54,1244934016315634,1244934016326578,10944
55,1244934116315634,1244934116325682,10048
56,1244934216315634,1244934216326308,10674
57,1244934316315634,1244934316326690,11056
58,1244934416315634,1244934416326779,11145
59,1244934516315634,1244934516325653,10019
60,1244934616315634,1244934616326399,10765
61,1244934716315634,1244934716326491,10857
62,1244934816315634,1244934816326618,10984
63,1244934916315634,1244934916326555,10921
64,1244935016315634,1244935016326484,10850
65,1244935116315634,1244935116326781,11147
66,1244935216315634,1244935216326920,11286
67,1244935316315634,1244935316326541,10907
68,1244935416315634,1244935416326924,11290
69,1244935516315634,1244935516325494,9860
70,1244935616315634,1244935616326314,10680
71,1244935716315634,1244935716336578,20944
72,1244935816315634,1244935816326516,10882
73,1244935916315634,1244935916326485,10851
74,1244936016315634,1244936016326533,10899
75,1244936116315634,1244936116326432,10798
76,1244936216315634,1244936216326917,11283
77,1244936316315634,1244936316326649,11015
78,1244936416315634,1244936416326777,11143
79,1244936516315634,1244936516326308,10674
80,1244936616315634,1244936616325582,9948
81,1244936716315634,1244936716326476,10842
82,1244936816315634,1244936816325520,9886
83,1244936916315634,1244936916326755,11121
84,1244937016315634,1244937016326621,10987
85,1244937116315634,1244937116326679,11045
86,1244937216315634,1244937216326708,11074
87,1244937316315634,1244937316326572,10938
88,1244937416315634,1244937416326841,11207
89,1244937516315634,1244937516326556,10922
90,1244937616315634,1244937616325503,9869
91,1244937716315634,1244937716326752,11118
92,1244937816315634,1244937816325657,10023
93,1244937916315634,1244937916326871,11237
94,1244938016315634,1244938016325519,9885
95,1244938116315634,1244938116326738,11104
96,1244938216315634,1244938216326204,10570
97,1244938316315634,1244938316326775,11141
98,1244938416315634,1244938416326831,11197
99,1244938516315634,1244938516326872,11238
100,1244938616315634,1244938616325532,9898
101,1244938716315634,1244938716326841,11207
102,1244938816315634,1244938816325557,9923
103,1244938916315634,1244938916326655,11021
104,1244939016315634,1244939016326664,11030
105,1244939116315634,1244939116325536,9902
106,1244939216315634,1244939216326734,11100
107,1244939316315634,1244939316325675,10041
108,1244939416315634,1244939416327046,11412
109,1244939516315634,1244939516325650,10016
110,1244939616315634,1244939616326140,10506
111,1244939716315634,1244939716326577,10943
112,1244939816315634,1244939816326318,10684
113,1244939916315634,1244939916326588,10954
114,1244940016315634,1244940016326391,10757
115,1244940116315634,1244940116326428,10794
116,1244940216315634,1244940216326716,11082
117,1244940316315634,1244940316326525,10891
118,1244940416315634,1244940416326522,10888
119,1244940516315634,1244940516326762,11128
120,1244940616315634,1244940616326459,10825
121,1244940716315634,1244940716325677,10043
122,1244940816315634,1244940816326679,11045
123,1244940916315634,1244940916325615,9981
124,1244941016315634,1244941016326635,11001
125,1244941116315634,1244941116325599,9965
126,1244941216315634,1244941216326618,10984
127,1244941316315634,1244941316325307,9673
128,1244941416315634,1244941416326818,11184
129,1244941516315634,1244941516325576,9942
130,1244941616315634,1244941616326742,11108
131,1244941716315634,1244941716326472,10838
132,1244941816315634,1244941816326410,10776
133,1244941916315634,1244941916326414,10780
134,1244942016315634,1244942016326684,11050
135,1244942116315634,1244942116326826,11192
136,1244942216315634,1244942216326670,11036
137,1244942316315634,1244942316326697,11063
138,1244942416315634,1244942416326055,10421
139,1244942516315634,1244942516326596,10962
140,1244942616315634,1244942616325592,9958
141,1244942716315634,1244942716326571,10937
142,1244942816315634,1244942816325501,9867
143,1244942916315634,1244942916326653,11019
144,1244943016315634,1244943016326746,11112
145,1244943116315634,1244943116326687,11053
146,1244943216315634,1244943216325645,10011
147,1244943316315634,1244943316326650,11016
148,1244943416315634,1244943416326193,10559
149,1244943516315634,1244943516326509,10875
150,1244943616315634,1244943616326099,10465
151,1244943716315634,1244943716326826,11192
152,1244943816315634,1244943816326386,10752
153,1244943916315634,1244943916326843,11209
154,1244944016315634,1244944016326370,10736
155,1244944116315634,1244944116326458,10824
156,1244944216315634,1244944216326257,10623
157,1244944316315634,1244944316326451,10817
158,1244944416315634,1244944416326911,11277
159,1244944516315634,1244944516325601,9967
160,1244944616315634,1244944616325527,9893
161,1244944716315634,1244944716325675,10041
162,1244944816315634,1244944816326573,10939
163,1244944916315634,1244944916326682,11048
164,1244945016315634,1244945016329147,13513
165,1244945116315634,1244945116327871,12237
166,1244945216315634,1244945216327740,12106
167,1244945316315634,1244945316325722,10088
168,1244945416315634,1244945416326477,10843
169,1244945516315634,1244945516325852,10218
170,1244945616315634,1244945616326765,11131
171,1244945716315634,1244945716326699,11065
172,1244945816315634,1244945816326729,11095
173,1244945916315634,1244945916326854,11220
174,1244946016315634,1244946016326334,10700
175,1244946116315634,1244946116326764,11130
176,1244946216315634,1244946216326682,11048
177,1244946316315634,1244946316326734,11100
178,1244946416315634,1244946416326718,11084
179,1244946516315634,1244946516326844,11210
180,1244946616315634,1244946616326671,11037
181,1244946716315634,1244946716326697,11063
182,1244946816315634,1244946816326447,10813
183,1244946916315634,1244946916326479,10845
184,1244947016315634,1244947016326616,10982
185,1244947116315634,1244947116326667,11033
186,1244947216315634,1244947216326572,10938
187,1244947316315634,1244947316325473,9839
188,1244947416315634,1244947416325982,10348
189,1244947516315634,1244947516325497,9863
190,1244947616315634,1244947616325336,9702
191,1244947716315634,1244947716326866,11232
192,1244947816315634,1244947816326464,10830
193,1244947916315634,1244947916326512,10878
194,1244948016315634,1244948016325457,9823
195,1244948116315634,1244948116326683,11049
196,1244948216315634,1244948216326337,10703
197,1244948316315634,1244948316326482,10848
198,1244948416315634,1244948416326633,10999
199,1244948516315634,1244948516325609,9975
200,1244948616315634,1244948616325412,9778
201,1244948716315634,1244948716325541,9907
202,1244948816315634,1244948816325612,9978
203,1244948916315634,1244948916326665,11031
204,1244949016315634,1244949016326506,10872
205,1244949116315634,1244949116326730,11096
206,1244949216315634,1244949216326591,10957
207,1244949316315634,1244949316326526,10892
208,1244949416315634,1244949416326764,11130
209,1244949516315634,1244949516326627,10993
210,1244949616315634,1244949616326538,10904
211,1244949716315634,1244949716326783,11149
212,1244949816315634,1244949816326499,10865
213,1244949916315634,1244949916326646,11012
214,1244950016315634,1244950016326333,10699
215,1244950116315634,1244950116326754,11120
216,1244950216315634,1244950216326917,11283
217,1244950316315634,1244950316326765,11131
218,1244950416315634,1244950416326761,11127
219,1244950516315634,1244950516326723,11089
220,1244950616315634,1244950616326519,10885
221,1244950716315634,1244950716326831,11197
222,1244950816315634,1244950816326730,11096
223,1244950916315634,1244950916326415,10781
224,1244951016315634,1244951016326569,10935
225,1244951116315634,1244951116326554,10920
226,1244951216315634,1244951216326689,11055
227,1244951316315634,1244951316325563,9929
228,1244951416315634,1244951416326146,10512
229,1244951516315634,1244951516325572,9938
230,1244951616315634,1244951616325422,9788
231,1244951716315634,1244951716326750,11116
232,1244951816315634,1244951816325437,9803
233,1244951916315634,1244951916326617,10983
234,1244952016315634,1244952016325606,9972
235,1244952116315634,1244952116326709,11075
236,1244952216315634,1244952216326380,10746
237,1244952316315634,1244952316326507,10873
238,1244952416315634,1244952416325865,10231
239,1244952516315634,1244952516325501,9867
240,1244952616315634,1244952616325462,9828
241,1244952716315634,1244952716325494,9860
242,1244952816315634,1244952816325454,9820
243,1244952916315634,1244952916325587,9953
244,1244953016315634,1244953016325378,9744
245,1244953116315634,1244953116325499,9865
246,1244953216315634,1244953216325468,9834
247,1244953316315634,1244953316326487,10853
248,1244953416315634,1244953416325847,10213
249,1244953516315634,1244953516325606,9972
250,1244953616315634,1244953616325440,9806
251,1244953716315634,1244953716326566,10932
252,1244953816315634,1244953816325492,9858
253,1244953916315634,1244953916325602,9968
254,1244954016315634,1244954016325450,9816
255,1244954116315634,1244954116325553,9919
256,1244954216315634,1244954216326435,10801
257,1244954316315634,1244954316326540,10906
258,1244954416315634,1244954416326974,11340
259,1244954516315634,1244954516325593,9959
260,1244954616315634,1244954616326670,11036
261,1244954716315634,1244954716326231,10597
262,1244954816315634,1244954816326568,10934
263,1244954916315634,1244954916326853,11219
264,1244955016315634,1244955016326624,10990
265,1244955116315634,1244955116326592,10958
266,1244955216315634,1244955216326572,10938
267,1244955316315634,1244955316326389,10755
268,1244955416315634,1244955416325979,10345
269,1244955516315634,1244955516325336,9702
270,1244955616315634,1244955616325567,9933
271,1244955716315634,1244955716326719,11085
272,1244955816315634,1244955816326204,10570
273,1244955916315634,1244955916325480,9846
274,1244956016315634,1244956016321876,6242
275,1244956116315634,1244956116326762,11128
276,1244956216315634,1244956216326520,10886
277,1244956316315634,1244956316326480,10846
278,1244956416315634,1244956416326715,11081
279,1244956516315634,1244956516325525,9891
280,1244956616315634,1244956616325346,9712
281,1244956716315634,1244956716324103,8469
282,1244956816315634,1244956816325614,9980
283,1244956916315634,1244956916325444,9810
284,1244957016315634,1244957016325533,9899
285,1244957116315634,1244957116325376,9742
286,1244957216315634,1244957216325415,9781
287,1244957316315634,1244957316325367,9733
288,1244957416315634,1244957416326882,11248
289,1244957516315634,1244957516325449,9815
290,1244957616315634,1244957616325486,9852
291,1244957716315634,1244957716326561,10927
292,1244957816315634,1244957816325557,9923
293,1244957916315634,1244957916325618,9984
294,1244958016315634,1244958016326386,10752
295,1244958116315634,1244958116326602,10968
296,1244958216315634,1244958216326537,10903
297,1244958316315634,1244958316326740,11106
298,1244958416315634,1244958416326697,11063
299,1244958516315634,1244958516325712,10078
300,1244958616315634,1244958616325491,9857
301,1244958716315634,1244958716326430,10796
302,1244958816315634,1244958816325290,9656
303,1244958916315634,1244958916325457,9823
304,1244959016315634,1244959016325249,9615
305,1244959116315634,1244959116325456,9822
306,1244959216315634,1244959216325395,9761
307,1244959316315634,1244959316325780,10146
308,1244959416315634,1244959416326542,10908
309,1244959516315634,1244959516325442,9808
310,1244959616315634,1244959616325293,9659
311,1244959716315634,1244959716326568,10934
312,1244959816315634,1244959816326235,10601
313,1244959916315634,1244959916325474,9840
314,1244960016315634,1244960016326370,10736
315,1244960116315634,1244960116326608,10974
316,1244960216315634,1244960216326426,10792
317,1244960316315634,1244960316326563,10929
318,1244960416315634,1244960416326521,10887
319,1244960516315634,1244960516325428,9794
320,1244960616315634,1244960616325345,9711
321,1244960716315634,1244960716325538,9904
322,1244960816315634,1244960816325407,9773
323,1244960916315634,1244960916325571,9937
324,1244961016315634,1244961016326613,10979
325,1244961116315634,1244961116325455,9821
326,1244961216315634,1244961216326623,10989
327,1244961316315634,1244961316325530,9896
328,1244961416315634,1244961416325809,10175
329,1244961516315634,1244961516326400,10766
330,1244961616315634,1244961616325530,9896
331,1244961716315634,1244961716326521,10887
332,1244961816315634,1244961816326148,10514
333,1244961916315634,1244961916325462,9828
334,1244962016315634,1244962016326295,10661
335,1244962116315634,1244962116326531,10897
336,1244962216315634,1244962216326409,10775
337,1244962316315634,1244962316326649,11015
338,1244962416315634,1244962416326594,10960
339,1244962516315634,1244962516326500,10866
340,1244962616315634,1244962616326311,10677
341,1244962716315634,1244962716326189,10555
342,1244962816315634,1244962816326171,10537
343,1244962916315634,1244962916325480,9846
344,1244963016315634,1244963016326655,11021
345,1244963116315634,1244963116325513,9879
346,1244963216315634,1244963216326551,10917
347,1244963316315634,1244963316325377,9743
348,1244963416315634,1244963416326779,11145
349,1244963516315634,1244963516326759,11125
350,1244963616315634,1244963616326212,10578
351,1244963716315634,1244963716326785,11151
352,1244963816315634,1244963816325392,9758
353,1244963916315634,1244963916325626,9992
354,1244964016315634,1244964016326316,10682
355,1244964116315634,1244964116326649,11015
356,1244964216315634,1244964216325482,9848
357,1244964316315634,1244964316326556,10922
358,1244964416315634,1244964416326701,11067
359,1244964516315634,1244964516326649,11015
360,1244964616315634,1244964616325250,9616
361,1244964716315634,1244964716325363,9729
362,1244964816315634,1244964816325381,9747
363,1244964916315634,1244964916325396,9762
364,1244965016315634,1244965016326591,10957
365,1244965116315634,1244965116326652,11018
366,1244965216315634,1244965216326634,11000
367,1244965316315634,1244965316325383,9749
368,1244965416315634,1244965416325718,10084
369,1244965516315634,1244965516325415,9781
370,1244965616315634,1244965616326314,10680
371,1244965716315634,1244965716326704,11070
372,1244965816315634,1244965816326407,10773
373,1244965916315634,1244965916325518,9884
374,1244966016315634,1244966016326504,10870
375,1244966116315634,1244966116326740,11106
376,1244966216315634,1244966216326521,10887
377,1244966316315634,1244966316326783,11149
378,1244966416315634,1244966416327066,11432
379,1244966516315634,1244966516325628,9994
380,1244966616315634,1244966616326486,10852
381,1244966716315634,1244966716326438,10804
382,1244966816315634,1244966816325489,9855
383,1244966916315634,1244966916325657,10023
384,1244967016315634,1244967016326708,11074
385,1244967116315634,1244967116326682,11048
386,1244967216315634,1244967216326747,11113
387,1244967316315634,1244967316325563,9929
388,1244967416315634,1244967416326420,10786
389,1244967516315634,1244967516325625,9991
390,1244967616315634,1244967616326335,10701
391,1244967716315634,1244967716327018,11384
392,1244967816315634,1244967816326407,10773
393,1244967916315634,1244967916325577,9943
394,1244968016315634,1244968016326640,11006
395,1244968116315634,1244968116326528,10894
396,1244968216315634,1244968216326352,10718
397,1244968316315634,1244968316326723,11089
398,1244968416315634,1244968416326011,10377
399,1244968516315634,1244968516325689,10055
400,1244968616315634,1244968616326618,10984
401,1244968716315634,1244968716325757,10123
402,1244968816315634,1244968816325490,9856
403,1244968916315634,1244968916325667,10033
404,1244969016315634,1244969016325675,10041
405,1244969116315634,1244969116326730,11096
406,1244969216315634,1244969216325427,9793
407,1244969316315634,1244969316325531,9897
408,1244969416315634,1244969416326128,10494
409,1244969516315634,1244969516325651,10017
410,1244969616315634,1244969616326425,10791
411,1244969716315634,1244969716326734,11100
412,1244969816315634,1244969816325448,9814
413,1244969916315634,1244969916325630,9996
414,1244970016315634,1244970016325442,9808
415,1244970116315634,1244970116324278,8644
416,1244970216315634,1244970216325596,9962
417,1244970316315634,1244970316326557,10923
418,1244970416315634,1244970416326806,11172
419,1244970516315634,1244970516325700,10066
420,1244970616315634,1244970616326703,11069
421,1244970716315634,1244970716326602,10968
422,1244970816315634,1244970816325555,9921
423,1244970916315634,1244970916325536,9902
424,1244971016315634,1244971016326634,11000
425,1244971116315634,1244971116325572,9938
426,1244971216315634,1244971216326335,10701
427,1244971316315634,1244971316325603,9969
428,1244971416315634,1244971416326168,10534
429,1244971516315634,1244971516325674,10040
430,1244971616315634,1244971616325683,10049
431,1244971716315634,1244971716326603,10969
432,1244971816315634,1244971816325477,9843
433,1244971916315634,1244971916326595,10961
434,1244972016315634,1244972016325542,9908
435,1244972116315634,1244972116326727,11093
436,1244972216315634,1244972216326886,11252
437,1244972316315634,1244972316326696,11062
438,1244972416315634,1244972416326862,11228
439,1244972516315634,1244972516325685,10051
440,1244972616315634,1244972616325563,9929
441,1244972716315634,1244972716326799,11165
442,1244972816315634,1244972816325684,10050
443,1244972916315634,1244972916325766,10132
444,1244973016315634,1244973016326750,11116
445,1244973116315634,1244973116325675,10041
446,1244973216315634,1244973216326765,11131
447,1244973316315634,1244973316325541,9907
448,1244973416315634,1244973416326048,10414
449,1244973516315634,1244973516325688,10054
450,1244973616315634,1244973616325451,9817
451,1244973716315634,1244973716326749,11115
452,1244973816315634,1244973816326365,10731
453,1244973916315634,1244973916326326,10692
454,1244974016315634,1244974016325495,9861
455,1244974116315634,1244974116326730,11096
456,1244974216315634,1244974216326623,10989
457,1244974316315634,1244974316326524,10890
458,1244974416315634,1244974416326940,11306
459,1244974516315634,1244974516325653,10019
460,1244974616315634,1244974616325443,9809
461,1244974716315634,1244974716326402,10768
462,1244974816315634,1244974816326280,10646
463,1244974916315634,1244974916325461,9827
464,1244975016315634,1244975016326645,11011
465,1244975116315634,1244975116325452,9818
466,1244975216315634,1244975216326733,11099
467,1244975316315634,1244975316325620,9986
468,1244975416315634,1244975416326176,10542
469,1244975516315634,1244975516325696,10062
470,1244975616315634,1244975616325558,9924
471,1244975716315634,1244975716326757,11123
472,1244975816315634,1244975816326439,10805
473,1244975916315634,1244975916325616,9982
474,1244976016315634,1244976016325454,9820
475,1244976116315634,1244976116326571,10937
476,1244976216315634,1244976216326726,11092
477,1244976316315634,1244976316326468,10834
478,1244976416315634,1244976416326902,11268
479,1244976516315634,1244976516325595,9961
480,1244976616315634,1244976616325425,9791
481,1244976716315634,1244976716326433,10799
482,1244976816315634,1244976816326351,10717
483,1244976916315634,1244976916325421,9787
484,1244977016315634,1244977016326787,11153
485,1244977116315634,1244977116325717,10083
486,1244977216315634,1244977216326572,10938
487,1244977316315634,1244977316326372,10738
488,1244977416315634,1244977416325844,10210
489,1244977516315634,1244977516325603,9969
490,1244977616315634,1244977616325630,9996
491,1244977716315634,1244977716326672,11038
492,1244977816315634,1244977816326543,10909
493,1244977916315634,1244977916326425,10791
494,1244978016315634,1244978016326440,10806
495,1244978116315634,1244978116326771,11137
496,1244978216315634,1244978216326499,10865
497,1244978316315634,1244978316326570,10936
498,1244978416315634,1244978416326835,11201
499,1244978516315634,1244978516325660,10026
500,1244978616315634,1244978616326677,11043
501,1244978716315634,1244978716326415,10781
502,1244978816315634,1244978816325509,9875
503,1244978916315634,1244978916326525,10891
504,1244979016315634,1244979016327046,11412
505,1244979116315634,1244979116326910,11276
506,1244979216315634,1244979216327039,11405
507,1244979316315634,1244979316326572,10938
508,1244979416315634,1244979416326366,10732
509,1244979516315634,1244979516326450,10816
510,1244979616315634,1244979616325552,9918
511,1244979716315634,1244979716326815,11181
512,1244979816315634,1244979816325521,9887
513,1244979916315634,1244979916326539,10905
514,1244980016315634,1244980016325803,10169
515,1244980116315634,1244980116326754,11120
516,1244980216315634,1244980216326662,11028
517,1244980316315634,1244980316326725,11091
518,1244980416315634,1244980416326731,11097
519,1244980516315634,1244980516326599,10965
520,1244980616315634,1244980616325505,9871
521,1244980716315634,1244980716326749,11115
522,1244980816315634,1244980816325786,10152
523,1244980916315634,1244980916326811,11177
524,1244981016315634,1244981016326731,11097
525,1244981116315634,1244981116325581,9947
526,1244981216315634,1244981216326649,11015
527,1244981316315634,1244981316326374,10740
528,1244981416315634,1244981416325768,10134
529,1244981516315634,1244981516325639,10005
530,1244981616315634,1244981616325487,9853
531,1244981716315634,1244981716324665,9031
532,1244981816315634,1244981816325635,10001
533,1244981916315634,1244981916326916,11282
534,1244982016315634,1244982016325546,9912
535,1244982116315634,1244982116326834,11200
536,1244982216315634,1244982216326790,11156
537,1244982316315634,1244982316326649,11015
538,1244982416315634,1244982416326879,11245
539,1244982516315634,1244982516325355,9721
540,1244982616315634,1244982616325713,10079
541,1244982716315634,1244982716326894,11260
542,1244982816315634,1244982816325616,9982
543,1244982916315634,1244982916326565,10931
544,1244983016315634,1244983016326955,11321
545,1244983116315634,1244983116325599,9965
546,1244983216315634,1244983216326692,11058
547,1244983316315634,1244983316325552,9918
548,1244983416315634,1244983416325890,10256
549,1244983516315634,1244983516325446,9812
550,1244983616315634,1244983616325318,9684
551,1244983716315634,1244983716326608,10974
552,1244983816315634,1244983816325325,9691
553,1244983916315634,1244983916326387,10753
554,1244984016315634,1244984016326641,11007
555,1244984116315634,1244984116326585,10951
556,1244984216315634,1244984216326661,11027
557,1244984316315634,1244984316326530,10896
558,1244984416315634,1244984416326751,11117
559,1244984516315634,1244984516326289,10655
560,1244984616315634,1244984616325553,9919
561,1244984716315634,1244984716326735,11101
562,1244984816315634,1244984816326077,10443
563,1244984916315634,1244984916326774,11140
564,1244985016315634,1244985016326703,11069
565,1244985116315634,1244985116326653,11019
566,1244985216315634,1244985216326594,10960
567,1244985316315634,1244985316326734,11100
568,1244985416315634,1244985416326677,11043
569,1244985516315634,1244985516326800,11166
570,1244985616315634,1244985616326559,10925
571,1244985716315634,1244985716326778,11144
572,1244985816315634,1244985816326785,11151
573,1244985916315634,1244985916326545,10911
574,1244986016315634,1244986016326649,11015
575,1244986116315634,1244986116326740,11106
576,1244986216315634,1244986216326676,11042
577,1244986316315634,1244986316326797,11163
578,1244986416315634,1244986416326143,10509
579,1244986516315634,1244986516325639,10005
580,1244986616315634,1244986616325552,9918
581,1244986716315634,1244986716326814,11180
582,1244986816315634,1244986816326423,10789
583,1244986916315634,1244986916325609,9975
584,1244987016315634,1244987016326702,11068
585,1244987116315634,1244987116325594,9960
586,1244987216315634,1244987216326730,11096
587,1244987316315634,1244987316326603,10969
588,1244987416315634,1244987416326000,10366
589,1244987516315634,1244987516325443,9809
590,1244987616315634,1244987616325378,9744
591,1244987716315634,1244987716326872,11238
592,1244987816315634,1244987816326585,10951
593,1244987916315634,1244987916325618,9984
594,1244988016315634,1244988016325779,10145
595,1244988116315634,1244988116326725,11091
596,1244988216315634,1244988216326848,11214
597,1244988316315634,1244988316326747,11113
598,1244988416315634,1244988416326987,11353
599,1244988516315634,1244988516326688,11054
600,1244988616315634,1244988616325537,9903
601,1244988716315634,1244988716326685,11051
602,1244988816315634,1244988816326545,10911
603,1244988916315634,1244988916326764,11130
604,1244989016315634,1244989016326778,11144
605,1244989116315634,1244989116326656,11022
606,1244989216315634,1244989216326640,11006
607,1244989316315634,1244989316326701,11067
608,1244989416315634,1244989416326719,11085
609,1244989516315634,1244989516326675,11041
610,1244989616315634,1244989616326523,10889
611,1244989716315634,1244989716326826,11192
612,1244989816315634,1244989816326431,10797
613,1244989916315634,1244989916326622,10988
614,1244990016315634,1244990016326352,10718
615,1244990116315634,1244990116326772,11138
616,1244990216315634,1244990216326822,11188
617,1244990316315634,1244990316326763,11129
618,1244990416315634,1244990416326810,11176
619,1244990516315634,1244990516326793,11159
620,1244990616315634,1244990616326702,11068
621,1244990716315634,1244990716326793,11159
622,1244990816315634,1244990816326797,11163
623,1244990916315634,1244990916326858,11224
624,1244991016315634,1244991016326693,11059
625,1244991116315634,1244991116326919,11285
626,1244991216315634,1244991216326882,11248
627,1244991316315634,1244991316322997,7363
628,1244991416315634,1244991416327162,11528
629,1244991516315634,1244991516326907,11273
630,1244991616315634,1244991616326519,10885
631,1244991716315634,1244991716327006,11372
632,1244991816315634,1244991816326472,10838
633,1244991916315634,1244991916326504,10870
634,1244992016315634,1244992016326602,10968
635,1244992116315634,1244992116326927,11293
636,1244992216315634,1244992216326896,11262
637,1244992316315634,1244992316326665,11031
638,1244992416315634,1244992416326950,11316
639,1244992516315634,1244992516326703,11069
640,1244992616315634,1244992616326737,11103
641,1244992716315634,1244992716326636,11002
642,1244992816315634,1244992816326824,11190
643,1244992916315634,1244992916326618,10984
644,1244993016315634,1244993016326780,11146
645,1244993116315634,1244993116326701,11067
646,1244993216315634,1244993216326887,11253
647,1244993316315634,1244993316326593,10959
648,1244993416315634,1244993416327071,11437
649,1244993516315634,1244993516326688,11054
650,1244993616315634,1244993616326791,11157
651,1244993716315634,1244993716327023,11389
652,1244993816315634,1244993816326516,10882
653,1244993916315634,1244993916326618,10984
654,1244994016315634,1244994016326462,10828
655,1244994116315634,1244994116326813,11179
656,1244994216315634,1244994216326681,11047
657,1244994316315634,1244994316326680,11046
658,1244994416315634,1244994416327018,11384
659,1244994516315634,1244994516326645,11011
660,1244994616315634,1244994616325441,9807
661,1244994716315634,1244994716326505,10871
662,1244994816315634,1244994816325541,9907
663,1244994916315634,1244994916326625,10991
664,1244995016315634,1244995016332629,16995
665,1244995116315634,1244995116327583,11949
666,1244995216315634,1244995216328492,12858
667,1244995316315634,1244995316326557,10923
668,1244995416315634,1244995416326783,11149
669,1244995516315634,1244995516325876,10242
670,1244995616315634,1244995616325583,9949
671,1244995716315634,1244995716327081,11447
672,1244995816315634,1244995816326552,10918
673,1244995916315634,1244995916325530,9896
674,1244996016315634,1244996016325348,9714
675,1244996116315634,1244996116325519,9885
676,1244996216315634,1244996216325944,10310
677,1244996316315634,1244996316326856,11222
678,1244996416315634,1244996416326871,11237
679,1244996516315634,1244996516325652,10018
680,1244996616315634,1244996616325636,10002
681,1244996716315634,1244996716326699,11065
682,1244996816315634,1244996816325628,9994
683,1244996916315634,1244996916325668,10034
684,1244997016315634,1244997016326757,11123
685,1244997116315634,1244997116326519,10885
686,1244997216315634,1244997216326635,11001
687,1244997316315634,1244997316326607,10973
688,1244997416315634,1244997416325945,10311
689,1244997516315634,1244997516326581,10947
690,1244997616315634,1244997616325713,10079
691,1244997716315634,1244997716326973,11339
692,1244997816315634,1244997816325617,9983
693,1244997916315634,1244997916325729,10095
694,1244998016315634,1244998016325598,9964
695,1244998116315634,1244998116326878,11244
696,1244998216315634,1244998216326452,10818
697,1244998316315634,1244998316326692,11058
698,1244998416315634,1244998416327163,11529
699,1244998516315634,1244998516325708,10074
700,1244998616315634,1244998616325734,10100
701,1244998716315634,1244998716326398,10764
702,1244998816315634,1244998816325606,9972
703,1244998916315634,1244998916325582,9948
704,1244999016315634,1244999016326674,11040
705,1244999116315634,1244999116326666,11032
706,1244999216315634,1244999216325505,9871
707,1244999316315634,1244999316326843,11209
708,1244999416315634,1244999416326048,10414
709,1244999516315634,1244999516326704,11070
710,1244999616315634,1244999616325320,9686
711,1244999716315634,1244999716326614,10980
712,1244999816315634,1244999816325316,9682
713,1244999916315634,1244999916325492,9858
714,1245000016315634,1245000016325412,9778
715,1245000116315634,1245000116326731,11097
716,1245000216315634,1245000216326385,10751
717,1245000316315634,1245000316326577,10943
718,1245000416315634,1245000416326797,11163
719,1245000516315634,1245000516325653,10019
720,1245000616315634,1245000616325431,9797
721,1245000716315634,1245000716325617,9983
722,1245000816315634,1245000816325539,9905
723,1245000916315634,1245000916325627,9993
724,1245001016315634,1245001016326627,10993
725,1245001116315634,1245001116326482,10848
726,1245001216315634,1245001216325650,10016
727,1245001316315634,1245001316326676,11042
728,1245001416315634,1245001416326703,11069
729,1245001516315634,1245001516325591,9957
730,1245001616315634,1245001616325630,9996
731,1245001716315634,1245001716323431,7797
732,1245001816315634,1245001816325655,10021
733,1245001916315634,1245001916326752,11118
734,1245002016315634,1245002016325485,9851
735,1245002116315634,1245002116326897,11263
736,1245002216315634,1245002216326811,11177
737,1245002316315634,1245002316326721,11087
738,1245002416315634,1245002416326930,11296
739,1245002516315634,1245002516325676,10042
740,1245002616315634,1245002616325605,9971
741,1245002716315634,1245002716326331,10697
742,1245002816315634,1245002816325377,9743
743,1245002916315634,1245002916325473,9839
744,1245003016315634,1245003016326996,11362
745,1245003116315634,1245003116326259,10625
746,1245003216315634,1245003216325449,9815
747,1245003316315634,1245003316326342,10708
748,1245003416315634,1245003416326828,11194
749,1245003516315634,1245003516325528,9894
750,1245003616315634,1245003616325503,9869
751,1245003716315634,1245003716324413,8779
752,1245003816315634,1245003816325382,9748
753,1245003916315634,1245003916325471,9837
754,1245004016315634,1245004016325301,9667
755,1245004116315634,1245004116326847,11213
756,1245004216315634,1245004216326728,11094
757,1245004316315634,1245004316326662,11028
758,1245004416315634,1245004416325410,9776
759,1245004516315634,1245004516325717,10083
760,1245004616315634,1245004616325473,9839
761,1245004716315634,1245004716325655,10021
762,1245004816315634,1245004816325523,9889
763,1245004916315634,1245004916326584,10950
764,1245005016315634,1245005016324311,8677
765,1245005116315634,1245005116326333,10699
766,1245005216315634,1245005216326685,11051
767,1245005316315634,1245005316326514,10880
768,1245005416315634,1245005416325822,10188
769,1245005516315634,1245005516326347,10713
770,1245005616315634,1245005616325383,9749
771,1245005716315634,1245005716323563,7929
772,1245005816315634,1245005816326313,10679
773,1245005916315634,1245005916326542,10908
774,1245006016315634,1245006016325204,9570
775,1245006116315634,1245006116326914,11280
776,1245006216315634,1245006216326515,10881
777,1245006316315634,1245006316326763,11129
778,1245006416315634,1245006416327095,11461
779,1245006516315634,1245006516326650,11016
780,1245006616315634,1245006616325573,9939
781,1245006716315634,1245006716326474,10840
782,1245006816315634,1245006816325686,10052
783,1245006916315634,1245006916325671,10037
784,1245007016315634,1245007016327022,11388
785,1245007116315634,1245007116326488,10854
786,1245007216315634,1245007216326675,11041
787,1245007316315634,1245007316326490,10856
788,1245007416315634,1245007416326074,10440
789,1245007516315634,1245007516326541,10907
790,1245007616315634,1245007616325355,9721
791,1245007716315634,1245007716324608,8974
792,1245007816315634,1245007816325467,9833
793,1245007916315634,1245007916325414,9780
794,1245008016315634,1245008016325426,9792
795,1245008116315634,1245008116326946,11312
796,1245008216315634,1245008216326635,11001
797,1245008316315634,1245008316326598,10964
798,1245008416315634,1245008416326765,11131
799,1245008516315634,1245008516326676,11042
800,1245008616315634,1245008616325412,9778
801,1245008716315634,1245008716325556,9922
802,1245008816315634,1245008816325419,9785
803,1245008916315634,1245008916325515,9881
804,1245009016315634,1245009016326866,11232
805,1245009116315634,1245009116326290,10656
806,1245009216315634,1245009216325440,9806
807,1245009316315634,1245009316326412,10778
808,1245009416315634,1245009416326027,10393
809,1245009516315634,1245009516325541,9907
810,1245009616315634,1245009616326479,10845
811,1245009716315634,1245009716327067,11433
812,1245009816315634,1245009816326440,10806
813,1245009916315634,1245009916325448,9814
814,1245010016315634,1245010016326521,10887
815,1245010116315634,1245010116326648,11014
816,1245010216315634,1245010216326570,10936
817,1245010316315634,1245010316326755,11121
818,1245010416315634,1245010416326130,10496
819,1245010516315634,1245010516326869,11235
820,1245010616315634,1245010616326383,10749
821,1245010716315634,1245010716326525,10891
822,1245010816315634,1245010816325373,9739
823,1245010916315634,1245010916325502,9868
824,1245011016315634,1245011016324678,9044
825,1245011116315634,1245011116326366,10732
826,1245011216315634,1245011216325594,9960
827,1245011316315634,1245011316326454,10820
828,1245011416315634,1245011416326031,10397
829,1245011516315634,1245011516325498,9864
830,1245011616315634,1245011616326488,10854
831,1245011716315634,1245011716324645,9011
832,1245011816315634,1245011816325349,9715
833,1245011916315634,1245011916325523,9889
834,1245012016315634,1245012016325332,9698
835,1245012116315634,1245012116326728,11094
836,1245012216315634,1245012216326735,11101
837,1245012316315634,1245012316326676,11042
838,1245012416315634,1245012416326855,11221
839,1245012516315634,1245012516325580,9946
840,1245012616315634,1245012616326583,10949
841,1245012716315634,1245012716325572,9938
842,1245012816315634,1245012816325548,9914
843,1245012916315634,1245012916325544,9910
844,1245013016315634,1245013016327039,11405
845,1245013116315634,1245013116326350,10716
846,1245013216315634,1245013216325610,9976
847,1245013316315634,1245013316326490,10856
848,1245013416315634,1245013416325958,10324
849,1245013516315634,1245013516325602,9968
850,1245013616315634,1245013616325568,9934
851,1245013716315634,1245013716323281,7647
852,1245013816315634,1245013816326612,10978
853,1245013916315634,1245013916325537,9903
854,1245014016315634,1245014016325551,9917
855,1245014116315634,1245014116326865,11231
856,1245014216315634,1245014216326609,10975
857,1245014316315634,1245014316326685,11051
858,1245014416315634,1245014416326920,11286
859,1245014516315634,1245014516327345,11711
860,1245014616315634,1245014616323575,7941
861,1245014716315634,1245014716327139,11505
862,1245014816315634,1245014816327445,11811
863,1245014916315634,1245014916327152,11518
864,1245015016315634,1245015016354824,39190
865,1245015116315634,1245015116325808,10174
866,1245015216315634,1245015216326620,10986
867,1245015316315634,1245015316325687,10053
868,1245015416315634,1245015416326996,11362
869,1245015516315634,1245015516326689,11055
870,1245015616315634,1245015616326573,10939
871,1245015716315634,1245015716328671,13037
872,1245015816315634,1245015816326696,11062
873,1245015916315634,1245015916326887,11253
874,1245016016315634,1245016016324492,8858
875,1245016116315634,1245016116326700,11066
876,1245016216315634,1245016216326607,10973
877,1245016316315634,1245016316323794,8160
878,1245016416315634,1245016416324766,9132
879,1245016516315634,1245016516326382,10748
880,1245016616315634,1245016616326426,10792
881,1245016716315634,1245016716326597,10963
882,1245016816315634,1245016816326440,10806
883,1245016916315634,1245016916326636,11002
884,1245017016315634,1245017016326702,11068
885,1245017116315634,1245017116326536,10902
886,1245017216315634,1245017216326754,11120
887,1245017316315634,1245017316326666,11032
888,1245017416315634,1245017416326554,10920
889,1245017516315634,1245017516326492,10858
890,1245017616315634,1245017616326544,10910
891,1245017716315634,1245017716323892,8258
892,1245017816315634,1245017816326448,10814
893,1245017916315634,1245017916325128,9494
894,1245018016315634,1245018016326938,11304
895,1245018116315634,1245018116326837,11203
896,1245018216315634,1245018216326688,11054
897,1245018316315634,1245018316326574,10940
898,1245018416315634,1245018416326742,11108
899,1245018516315634,1245018516326792,11158
900,1245018616315634,1245018616326732,11098
901,1245018716315634,1245018716322803,7169
902,1245018816315634,1245018816326583,10949
903,1245018916315634,1245018916326800,11166
904,1245019016315634,1245019016322390,6756
905,1245019116315634,1245019116326798,11164
906,1245019216315634,1245019216326715,11081
907,1245019316315634,1245019316326945,11311
908,1245019416315634,1245019416327276,11642
909,1245019516315634,1245019516326854,11220
910,1245019616315634,1245019616326895,11261
911,1245019716315634,1245019716327058,11424
912,1245019816315634,1245019816326771,11137
913,1245019916315634,1245019916324039,8405
914,1245020016315634,1245020016326600,10966
915,1245020116315634,1245020116326731,11097
916,1245020216315634,1245020216326619,10985
917,1245020316315634,1245020316326889,11255
918,1245020416315634,1245020416326985,11351
919,1245020516315634,1245020516330054,14420
920,1245020616315634,1245020616326407,10773
921,1245020716315634,1245020716326491,10857
922,1245020816315634,1245020816326637,11003
923,1245020916315634,1245020916326402,10768
924,1245021016315634,1245021016321464,5830
925,1245021116315634,1245021116326695,11061
926,1245021216315634,1245021216326817,11183
927,1245021316315634,1245021316326985,11351
928,1245021416315634,1245021416326829,11195
929,1245021516315634,1245021516326787,11153
930,1245021616315634,1245021616326584,10950
931,1245021716315634,1245021716326847,11213
932,1245021816315634,1245021816326579,10945
933,1245021916315634,1245021916326767,11133
934,1245022016315634,1245022016324356,8722
935,1245022116315634,1245022116326795,11161
936,1245022216315634,1245022216326660,11026
937,1245022316315634,1245022316326679,11045
938,1245022416315634,1245022416328156,12522
939,1245022516315634,1245022516327403,11769
940,1245022616315634,1245022616326951,11317
941,1245022716315634,1245022716326959,11325
942,1245022816315634,1245022816326629,10995
943,1245022916315634,1245022916322527,6893
944,1245023016315634,1245023016331169,15535
945,1245023116315634,1245023116323264,7630
946,1245023216315634,1245023216326485,10851
947,1245023316315634,1245023316326678,11044
948,1245023416315634,1245023416326666,11032
949,1245023516315634,1245023516326712,11078
950,1245023616315634,1245023616326643,11009
951,1245023716315634,1245023716326575,10941
952,1245023816315634,1245023816326798,11164
953,1245023916315634,1245023916326763,11129
954,1245024016315634,1245024016326869,11235
955,1245024116315634,1245024116326866,11232
956,1245024216315634,1245024216327195,11561
957,1245024316315634,1245024316327427,11793
958,1245024416315634,1245024416327446,11812
959,1245024516315634,1245024516327214,11580
960,1245024616315634,1245024616327141,11507
961,1245024716315634,1245024716327176,11542
962,1245024816315634,1245024816326870,11236
963,1245024916315634,1245024916324382,8748
964,1245025016315634,1245025016327148,11514
965,1245025116315634,1245025116326784,11150
966,1245025216315634,1245025216324707,9073
967,1245025316315634,1245025316326617,10983
968,1245025416315634,1245025416324989,9355
969,1245025516315634,1245025516326596,10962
970,1245025616315634,1245025616326760,11126
971,1245025716315634,1245025716326592,10958
972,1245025816315634,1245025816326933,11299
973,1245025916315634,1245025916326904,11270
974,1245026016315634,1245026016326611,10977
975,1245026116315634,1245026116327073,11439
976,1245026216315634,1245026216326727,11093
977,1245026316315634,1245026316324802,9168
978,1245026416315634,1245026416324041,8407
979,1245026516315634,1245026516327096,11462
980,1245026616315634,1245026616323873,8239
981,1245026716315634,1245026716326883,11249
982,1245026816315634,1245026816326709,11075
983,1245026916315634,1245026916326743,11109
984,1245027016315634,1245027016326631,10997
985,1245027116315634,1245027116326761,11127
986,1245027216315634,1245027216326826,11192
987,1245027316315634,1245027316326785,11151
988,1245027416315634,1245027416326847,11213
989,1245027516315634,1245027516326686,11052
990,1245027616315634,1245027616326843,11209
991,1245027716315634,1245027716326610,10976
992,1245027816315634,1245027816326559,10925
993,1245027916315634,1245027916326540,10906
994,1245028016315634,1245028016326820,11186
995,1245028116315634,1245028116327118,11484
996,1245028216315634,1245028216326977,11343
997,1245028316315634,1245028316324714,9080
998,1245028416315634,1245028416326885,11251
999,1245028516315634,1245028516324465,8831
